<?xml version="1.0" encoding="UTF-8"?>
<!DOCTYPE version SYSTEM "../../../lib/pkp/dtd/pluginVersion.dtd">

<!--
  * plugins/generic/bootstrap3/version.xml
  *
  * Copyright (c) 2014-2017 Simon Fraser University Library
  * Copyright (c) 2003-2017 John Willinsky
  * Distributed under the GNU GPL v2. For full terms see the file docs/COPYING.
  *
  * Plugin version information.
  -->

<version>
	<application>bootstrap3</application>
	<type>plugins.themes</type>
	<release>3.2.0.0</release>
	<date>2020-02-25</date>
	<lazy-load>1</lazy-load>
	<class>BootstrapThreeThemePlugin</class>
</version>
